School,Name,Home State,School State
Amherst,Spencer Will,NY,MA
Amherst,Max Youssefnia,WA,MA
Amherst,Dylan Hsu,MD,MA
Amherst,Bob Gross,MD,MA
Amherst,Mike Hanlon,MA,MA
Amherst,Brendan Reilly,NY,MA
Amherst,Joshua Scott,CA,MA
Amherst,Brayden Stroh,CA,MA
Amherst,Oscar Smink,MD,MA
Amherst,Mitch Likins,CA,MA
Amherst,Nico Berger,MA,MA
Amherst,Andrew Hahm,MA,MA
Amherst,Jack Neiger,CA,MA
Amherst,Willie Doyle,NJ,MA
Amherst,Mason Chandler,WA,MA
Amherst,Devon Christian,NC,MA
Amherst,Brooks Catlin,CO,MA
Amherst,Carter Cave,VT,MA
Amherst,Nicholas Kopp,MD,MA
Amherst,Luciano Chadha,PA,MA
Amherst,Matthew Sheinberg,CT,MA
Amherst,Alex Vlacich,MA,MA
Amherst,Lawson Laverty,VA,MA
Amherst,Steve Crawford II,GA,MA
Amherst,Rob Williamson,TX,MA
Amherst,Jacob Bruno,NY,MA
Amherst,Sam Schafer,MI,MA
Amherst,Alex Giacobbe,NY,MA
Amherst,Shafeek Halabi,MI,MA
Amherst,Sam Sneider,MI,MA
Amherst,Ben Wick,CT,MA
Amherst,Tim Souza,MA,MA
Amherst,Ayden Santi-Tillotson,UT,MA
Amherst,Owen Gaydos,CT,MA
Amherst,Bennett Chow,IL,MA
Amherst,Michael Li,CT,MA
Amherst,Pat Arnold,NY,MA
Amherst,Noah Chappell,NY,MA
Amherst,Jordan Gangaram,NY,MA
Amherst,Thompson Lau,PA,MA
Amherst,Patrick Leder,NY,MA
Amherst,Ben Steingass,NY,MA
Amherst,Ben Bruno,NY,MA
Amherst,Peter Koren,CA,MA
Amherst,Sam Gerber,PA,MA
Amherst,Braden Poon,CA,MA
Amherst,Olivia Summer,PA,MA
Amherst,Carlin Chazen,NJ,MA
Amherst,Anna Whitworth,OR,MA
Amherst,Ella Bobbett,NY,MA
Amherst,Sydney Kang,NY ,MA
Amherst,Margeaux Matz,RI,MA
Amherst,Caroline Curtis,MA,MA
Amherst,Emma Crotty,NY,MA
Amherst,Taylor Hua,TX,MA
Amherst,Bridget Darcy,NY,MA
Amherst,Maddie Bohlen,MD,MA
Amherst,Maisie Stewart,CT,MA
Amherst,Mia Raven,PA,MA
Amherst,Grace Shannon,VA,MA
Amherst,Katie Savino,CT,MA
Amherst,Ella Shay,PA,MA
Amherst,Brynn Korpi,NY,MA
Amherst,Elizabeth Rose,NC,MA
Amherst,Sofia Guttmann,FL,MA
Amherst,Morgan Lebek,CT,MA
Amherst,Emily Petersen,NJ,MA
Amherst,Carlisle Brush,VT,MA
Amherst,Rachel Rogers,CT,MA
Amherst,Caroline Reichert,MD,MA
Amherst,Olivia Stewart,MD,MA
Amherst,Annie Rosenman,MD,MA
Amherst,Clara Sosa,NY,MA
Amherst,Lily Samoska,MA,MA
Amherst,Bridget Finley,NY,MA
Amherst,Kate Becker,NJ,MA
Amherst,Jessye Salmon,NY ,MA
Amherst,Annie McCarthy,MA,MA
Bates,Andrew Toland,MA,ME
Bates,TJ Underhill,CA,ME
Bates,Connor Hartman,MA,ME
Bates,Quinn Berry,VT,ME
Bates,Denim Evans,MD,ME
Bates,Johnny Nunez,NY,ME
Bates,Ben Miller,NY,ME
Bates,Sam Scola,CA,ME
Bates,Javi Werner,MA,ME
Bates,Rye Kushner,CA,ME
Bates,Benjamin Kondner,MD,ME
Bates,Riley McClure,MA,ME
Bates,Morgan Ruppenstein,CT,ME
Bates,Colton Curtis,NC,ME
Bates,Jake Anastas,ME,ME
Bates,Luke Breen,NH,ME
Bates,Liam Rule,WA,ME
Bates,Drew McClutchy,MA,ME
Bates,Jack Markert,VA,ME
Bates,Graham Ray,MA,ME
Bates,Aidan Cunningham,NY,ME
Bates,Jack Morrison,VT,ME
Bates,Teddy Rosen,CT,ME
Bates,Kevin Burke,ME,ME
Bates,Colin Eaton,MA,ME
Bates,Jameson Eigel,IL,ME
Bates,Cooper Lance,CA,ME
Bates,Mason Proutt,MD,ME
Bates,Finn Gibons,RI,ME
Bates,Dane Jones,NY,ME
Bates,Tyler Chang,NY,ME
Bates,Gray Doyle,NJ,ME
Bates,Andrew Sullivan,AZ,ME
Bates,Nolan Deehan,NY,ME
Bates,Jacob Kodjababian,WA,ME
Bates,Brian Hart,GA,ME
Bates,Drew Nyhus,OR,ME
Bates,Roan Hopkins,ME,ME
Bates,Max Kosicki,MA,ME
Bates,Jack  Wright,MA,ME
Bates,Denzel Evans,MD,ME
Bates,Luke Heafey,CA,ME
Bates,Grant Strohmaier,NC,ME
Bates,Eddie Lin,CA,ME
Bates,Jack Goldbach,NJ,ME
Bates,Xander Frey,MD,ME
Bates,Lucas Braun,VA,ME
Bates,Max Galvin,MA,ME
Bates,Sarah Stavrovich,NJ,ME
Bates,Mika Bernard,CT,ME
Bates,Aisling Boyd,NY,ME
Bates,Laci Raveis,CT,ME
Bates,Caroline Taggart,MA,ME
Bates,Lucy Taylor,ME,ME
Bates,Lindy Child,MD,ME
Bates,Olivia Hall,MA,ME
Bates,Amanda Edge,DC,ME
Bates,Clare McGeever,CT,ME
Bates,Olivia Joaquin,DC,ME
Bates,Grace Yonchak,MA,ME
Bates,Peyton Burg,VA,ME
Bates,Emily Mueller,VA,ME
Bates,Caitlin Quinn,CA,ME
Bates,Julia Roelofs,NH,ME
Bates,Elsa Copeland,OT,ME
Bates,Lauren Wong,MA,ME
Bates,Zoe Schaedle,PA,ME
Bates,Annie Smith,MA,ME
Bates,Haley Wines,CT,ME
Bates,Amanda DiTommaso,NJ,ME
Bates,Grace Cassin,NJ,ME
Bates,Caroline Keating,NY,ME
Bates,Frankie Franz,NJ,ME
Bates,Kailah Greenberg,MA,ME
Bates,Molly Urbonas,CO,ME
Bates,Raegan White,MA,ME
Bates,Meghan Peters,ME,ME
Bates,Sarah Jane Gavin,MA,ME
Bowdoin,Daphne Barrett,NY,ME
Bowdoin,Sydney Lennard,WA,ME
Bowdoin,Miya Imaeda,CT,ME
Bowdoin,Kate Min,CT,ME
Bowdoin,Tate Ryan,NY,ME
Bowdoin,Kate Mautz,NH,ME
Bowdoin,Mara Muse,ME,ME
Bowdoin,Grace Harvey,VT,ME
Bowdoin,Kristin Svahn,TX,ME
Bowdoin,Anna Paulmann,CT,ME
Bowdoin,Courtney McKenna,NJ ,ME
Bowdoin,Annie Bermingham,NH,ME
Bowdoin,Katie Athanasoulas,MA,ME
Bowdoin,Lauren Burke,MA,ME
Bowdoin,Elinor Applebaum,MN,ME
Bowdoin,Annie Moore,VA,ME
Bowdoin,GA Gallagher,CT,ME
Bowdoin,Ellie Fabbro,MA,ME
Bowdoin,Molly Reed,CT,ME
Bowdoin,Caroline Clinton,MA,ME
Bowdoin,Sophie Brett,NY,ME
Bowdoin,Hannah Rubin,NY ,ME
Bowdoin,Chris Berry,MD,ME
Bowdoin,Patrick Fitzgerald,MD,ME
Bowdoin,Alex Byrne,CT,ME
Bowdoin,Jed Hoggard,MA,ME
Bowdoin,Peter Flannery,MD,ME
Bowdoin,Troy Ulisney,MD,ME
Bowdoin,Michael Norton,CT,ME
Bowdoin,Sam Raye-Steiner,MA,ME
Bowdoin,Will Lesko,PA,ME
Bowdoin,Kevin Sandor,CT,ME
Bowdoin,Jack Pyne,MA,ME
Bowdoin,Alex Choi,NY,ME
Bowdoin,Cormac Walsh,MA,ME
Bowdoin,Jason Lach,DC,ME
Bowdoin,Noah Jones,MD,ME
Bowdoin,Cam Wietfeldt,MA,ME
Bowdoin,Emre Andican,NJ,ME
Bowdoin,AJ McBorrough,CO,ME
Bowdoin,Patrick Albers,MA,ME
Bowdoin,Hayes McCarron,MA,ME
Bowdoin,Beau Burns,DC,ME
Bowdoin,Colin Campbell,ME,ME
Bowdoin,Luke Harrington,CO,ME
Bowdoin,Nico Schermer,MD,ME
Bowdoin,Brooks Kitchel,MD,ME
Bowdoin,Pierson Delcristo,CT,ME
Bowdoin,Luke Bernasek,VA,ME
Bowdoin,Avery Kirby,NJ,ME
Bowdoin,Jameson Lang,AR,ME
Bowdoin,Will Childs,PT,ME
Bowdoin,Grayson Moniz,CA,ME
Bowdoin,Ryan Winters,MA,ME
Bowdoin,Xander Cardia,CT,ME
Bowdoin,Alec Davis,NY,ME
Bowdoin,Hudson Greene,VA,ME
Bowdoin,Nico Conway,CA,ME
Bowdoin,Alec Delgado,NJ,ME
Bowdoin,Matthew Fierro,WY,ME
Bowdoin,Casey Ryan,CA,ME
Bowdoin,Liam Ford,MA,ME
Bowdoin,Gordon Gozdeck,MA,ME
Bowdoin,Alex Kenerson,CT,ME
Bowdoin,Robert Hobbs,PA,ME
Bowdoin,Harry Millspaugh,ME,ME
Bowdoin,Aidan Reidy,MA,ME
Bowdoin,Isaac Abbott,CO,ME
Bowdoin,Huck Trafton,ME,ME
Colby,Will Heisler,CT,ME
Colby,Cormac O'Neill,MN,ME
Colby,Cormac Wright,MA,ME
Colby,Will Bainbridge,NY,ME
Colby,Zac Landon,MA,ME
Colby,Carter Smith,MA,ME
Colby,Luke Lombardo,CT,ME
Colby,Bennett Goller,CA,ME
Colby,Isaac Kante,NY,ME
Colby,Ethan Taerstein,NY,ME
Colby,Evan DeVita,CT,ME
Colby,Chris Maichin,NY,ME
Colby,Brooks Rayment,MA,ME
Colby,Kyle Skop,NY,ME
Colby,August Thorne,CO,ME
Colby,Ryan Lord,CT,ME
Colby,Easton Bello,IL,ME
Colby,Jonathan Davis,VT,ME
Colby,Will  Rickards,MA,ME
Colby,Gavin Rothenberg,CT,ME
Colby,Hayden Critchell,CT,ME
Colby,Thomas Moreau,WI,ME
Colby,Trevor Pettibone,PA,ME
Colby,Sean McGrath,NY,ME
Colby,Jack Sherman,MA,ME
Colby,Tidiane Gakou,NY,ME
Colby,Harrison Leenhouts,CA,ME
Colby,Tristan Bassett,CA,ME
Colby,Kevin Ewanich,MA,ME
Colby,Nick Sokolosky,MA,ME
Colby,Preston Maze,NY,ME
Colby,William Flannery,GA,ME
Colby,Thacher McCoy,PA,ME
Colby,Nick Hoy,ME,ME
Colby,Quinn Coughlan,MD,ME
Colby,Matthew George,MA,ME
Colby,Max Proia,MA,ME
Colby,Will Steele,IL,ME
Colby,Matt Stein,CT,ME
Colby,Niklas Kindbom,CAN,ME
Colby,Joe McCormack,WA,ME
Colby,Jojo Samluk,CA,ME
Colby,Reilly Pablo,MD,ME
Colby,Matt Murer,ME,ME
Colby,Brian Bowler,CO,ME
Colby,Matthew Torrey,MA,ME
Colby,Justin Turley,PA,ME
Colby,Jackson Alvord,CT,ME
Colby,Luke Laferriere,CT,ME
Colby,Carson Ahola,MA,ME
Colby,Connor Storie,AZ,ME
Colby,Abby Booth,MA,ME
Colby,Paige Saudek,MD,ME
Colby,Stella Regan,MA,ME
Colby,Tate Ban,NJ,ME
Colby,Jenna Goldstein,MA,ME
Colby,Charlotte Michener,CT,ME
Colby,Lydia Carr,MA,ME
Colby,Julia Jardina,KY,ME
Colby,Kristin Podgorni,MA,ME
Colby,Emily Darby,CT,ME
Colby,Zoey Verbesey,VA,ME
Colby,Ainsley Burke,VA,ME
Colby,Karena Andreassen,NJ,ME
Colby,Ainsley Dion,MA,ME
Colby,Avery Del Col,MA,ME
Colby,Gennie Littlejohn,MA,ME
Colby,Izzy Wang,NH,ME
Colby,Ashley Smail,MA,ME
Colby,Julia Maimonis,MA,ME
Colby,Madelyn Almgren,WA,ME
Colby,Kins Helmer,VA,ME
Colby,Franny Gallagher,PA,ME
Colby,Chelsea Tzau,IL,ME
Colby,Abby Booth,NY,ME
Colby,Paige Saudek,NY,ME
Colby,Stella Regan,NJ,ME
Colby,Tate Ban,CA,ME
Colby,Jenna Goldstein,NY,ME
Colby,Charlotte Michener,MD,ME
Colby,Lydia Carr,MA,ME
Colby,Julia Jardina,MD,ME
Colby,Kristin Podgorni,ME,ME
Colby,Emily Darby,ME,ME
Colby,Zoey Verbesey,CA,ME
Colby,Ainsley Burke,MA,ME
Colby,Karena Andreassen,CA,ME
Colby,Ainsley Dion,MA,ME
Colby,Avery Del Col,OH,ME
Colby,Gennie Littlejohn,VA,ME
Colby,Izzy Wang,NJ,ME
Connecticut,Sydney Weber,MA,CT
Connecticut,Elizabeth Gill,MA,CT
Connecticut,Hadley Levendusky,MA,CT
Connecticut,Campbell Johnston,MA,CT
Connecticut,Hannah Prescott,MA,CT
Connecticut,Greta Panke,CT,CT
Connecticut,Emma McDonnell,MD,CT
Connecticut,Caroline Bruce,MA,CT
Connecticut,Maddie Bazinet,MA,CT
Connecticut,Eliza Shamah,MA,CT
Connecticut,Casey Chesner,VA,CT
Connecticut,Aine Downey,MA,CT
Connecticut,Brogan Holbrough,NY,CT
Connecticut,Anna Sawyer,MA,CT
Connecticut,Ava Gershon,RI,CT
Connecticut,Emma Ognibene,CT,CT
Connecticut,Ava Broderick,MA,CT
Connecticut,Suzie Smith,NY,CT
Connecticut,Hannah Merritt,CT,CT
Connecticut,Kate Coughlin,MA,CT
Connecticut,Ava Virga,NY,CT
Connecticut,Nick McLaughlin,MA,CT
Connecticut,Josh Kozub,MA,CT
Connecticut,Chris Travers,CA,CT
Connecticut,Isaiah Kozub,MA,CT
Connecticut,Daniel Smith,RI,CT
Connecticut,Zach Bucher,NJ,CT
Connecticut,Declan Kuhn,CT,CT
Connecticut,Mike Delhome,MA,CT
Connecticut,Michael Moran,SC,CT
Connecticut,Jack Anglim,CT,CT
Connecticut,Liam Schwartz,NJ,CT
Connecticut,Graydon Diamond,CT,CT
Connecticut,Aidan Gaudet,CT,CT
Connecticut,Gus Williams,VT,CT
Connecticut,JJ Ford,CT,CT
Connecticut,Will Zaslow,CT,CT
Connecticut,Andrew Rainvillie,CT,CT
Connecticut,Sam Harley,NV,CT
Connecticut,Conor Matthews,NY,CT
Connecticut,Chris Latchford,MD,CT
Connecticut,Dylan McGuirk,MA,CT
Connecticut,Cole Ronan,NY,CT
Connecticut,Becan O'Brien,MA,CT
Connecticut,Colter Lingelbach-Pierce,NH,CT
Connecticut,Patrick Atkins,MA,CT
Connecticut,Nate Elkin,VA,CT
Connecticut,James Brennan,MA,CT
Connecticut,Liam Doyle,CT,CT
Connecticut,Sean McCarthy,MA,CT
Connecticut,Will Vivian,NY,CT
Connecticut,Kurt Schillinger,MA,CT
Connecticut,Trevor Perkins,MA,CT
Connecticut,Connor Devir,NJ,CT
Connecticut,Brayden Warde,ME,CT
Connecticut,Cade McAdams,MA,CT
Connecticut,Grady Brandstatter,SC,CT
Connecticut,Lorenzo Vogliano,NY,CT
Connecticut,Liam Horkan,MA,CT
Connecticut,Sean Horkan,MA,CT
Connecticut,Peyton Gray,VT,CT
Connecticut,Aidan Shea,MA,CT
Connecticut,Jack Halpin,CA,CT
Connecticut,Ethan Cotler,NY,CT
Connecticut,Ryna Breheny,MA,CT
Connecticut,Myles Newport,OT,CT
Connecticut,Cooper Growney,CT,CT
Connecticut,Liam Doherty,MA,CT
Connecticut,John Elliopulos,MA,CT
Connecticut,Brendan Tartaglione,NJ,CT
Connecticut,Aidan McAvoy,NC,CT
Connecticut,Aidan Valeiko,NY,CT
Connecticut,Carmelo Higgins,CA,CT
Connecticut,Liam Fallon,CO,CT
Connecticut,Patrick Hogan,NJ,CT
Connecticut,Louie Varadi,MA,CT
Connecticut,Austin Moore,MA,CT
Connecticut,Ryan Frank,MD,CT
Connecticut,Noah Macielag,MD,CT
Connecticut,Henry Dumler,WA,CT
Connecticut,Hayden Carpenter,MD,CT
Connecticut,Jimmy Carlin,RI,CT
Connecticut,Kiran Singh-Andrews,NJ,CT
Connecticut,Joey DeMarzo,NJ,CT
Connecticut,Braeden Saunders,CT,CT
Hamilton,Jack Fried,NY,NY
Hamilton,Jake Mair,MA,NY
Hamilton,Andrew Higgins,MA,NY
Hamilton,Milo Trabulsy,VT,NY
Hamilton,David Russell,VA,NY
Hamilton,Ben Keppler,MD,NY
Hamilton,Evan deBerjeois,NY,NY
Hamilton,Maddux Little,CT,NY
Hamilton,Jack Pineau,NY,NY
Hamilton,Will Heher,CT,NY
Hamilton,Troy Pollock,MA,NY
Hamilton,Jesse Delinsky,DC,NY
Hamilton,Charlie Rooney,NY,NY
Hamilton,Jack Calichman,MA,NY
Hamilton,John McKinnon,MA,NY
Hamilton,Wyatt Estepp,OH,NY
Hamilton,Collen Luzar,KA,NY
Hamilton,PJ Flood,NY,NY
Hamilton,Zach Lucchini,MA,NY
Hamilton,Ford Collins,NJ,NY
Hamilton,Carson Kraus,NY,NY
Hamilton,David Petz,NY,NY
Hamilton,Riley Chai Onn,MD,NY
Hamilton,Max Nodiff,NY,NY
Hamilton,Ryan Howard,NJ,NY
Hamilton,Ben Ryan,MA,NY
Hamilton,Wylie Ocken,CT,NY
Hamilton,Sean Gebauer,NJ,NY
Hamilton,Justin Pearl,CT,NY
Hamilton,Ben Greco,NY,NY
Hamilton,Griffen Bell,WA,NY
Hamilton,Reece Hickey,PA,NY
Hamilton,Jake Goldstein,NY,NY
Hamilton,Jackson Raleigh,PA,NY
Hamilton,Rex Flinn,PA,NY
Hamilton,Jack Williams,OT,NY
Hamilton,Peter Canterino,NJ,NY
Hamilton,Dominic Mauretti,MA,NY
Hamilton,Ryan Olivo,NJ,NY
Hamilton,Kieran Hughes,NY,NY
Hamilton,Lance Dominick,CT,NY
Hamilton,Frank Coyle,OT,NY
Hamilton,Thomas Healy,PA,NY
Hamilton,James Wilde,MA,NY
Hamilton,Bri Rockwood,NY,NY
Hamilton,Clara Paolucci,CA,NY
Hamilton,Lily Goldsmith,MA,NY
Hamilton,Maddie Boger,NY,NY
Hamilton,Parker Lial,RI,NY
Hamilton,Kat Showalter,CA,NY
Hamilton,Sarah Stonestreet,MA,NY
Hamilton,Maddigan Leifer,CA,NY
Hamilton,Sophia Wright,MA,NY
Hamilton,Anna Zoccolillo,CT,NY
Hamilton,Avery Trach,CT,NY
Hamilton,Caroline Schillaci,TX,NY
Hamilton,Anna Gum,TX,NY
Hamilton,Kristin Vosswinkel,NY,NY
Hamilton,Aine Cleary,NY,NY
Hamilton,Emma Toes,NY,NY
Hamilton,Leyna Schlaefer,NY,NY
Hamilton,Alex Orlando,NY,NY
Hamilton,Claire Neumann,NY,NY
Hamilton,Carlisle West,CA,NY
Hamilton,Julia Lee,MD,NY
Hamilton,Marin Ciardiello,CT,NY
Hamilton,Jessica Winslow,NY ,NY
Hamilton,Grace Martucci,CT,NY
Hamilton,Anna Peterson,NJ,NY
Hamilton,Sydney Klepper,NJ,NY
Hamilton,Eugenia Kaltsas,NY,NY
Hamilton,Maizley Tone,ME,NY
Hamilton,Sydney Anzelone,MD,NY
Hamilton,Sarah Creamer,MA,NY
Hamilton,Elizabeth Rudge,NY,NY
Hamilton,Eliza Schwarz,NY,NY
Middlebury,Henry Tarr,PA,VT
Middlebury,Drew Dummer,MA,VT
Middlebury,Logan White,CO,VT
Middlebury,Charlie O'Connor,NY,VT
Middlebury,Aidan Dever,MA,VT
Middlebury,Will Spehr,NY,VT
Middlebury,Jackson Hanson,TX,VT
Middlebury,Peyton Jordan,WA,VT
Middlebury,Misha Trupo,TX,VT
Middlebury,Finn McCarthy,GA,VT
Middlebury,Brendan Hickey,DE,VT
Middlebury,Nick Marvin,CA,VT
Middlebury,Cole Foster,NJ,VT
Middlebury,Billy Curtis,MA,VT
Middlebury,Hayden Kern,TX,VT
Middlebury,Nate Holliday,NJ,VT
Middlebury,Ryan McGloin,NY,VT
Middlebury,Bryan Henry,PA,VT
Middlebury,Garret Hawthorne,CA,VT
Middlebury,James Farinacci,NJ,VT
Middlebury,Nate Ruoss,DE,VT
Middlebury,John McCarthy,NY,VT
Middlebury,AJ Noyes,ME,VT
Middlebury,Ged Gengras,CT,VT
Middlebury,Noah Flippelli,NY,VT
Middlebury,Justin DeLucia,NY,VT
Middlebury,JD Farkas,NJ,VT
Middlebury,Dylan Fagan,VA,VT
Middlebury,Bradford Tudor,CA,VT
Middlebury,Will Ford,CO,VT
Middlebury,Nicky Cairo,NY,VT
Middlebury,Quinn Green,DE,VT
Middlebury,Everett Easterby,TX,VT
Middlebury,Will Crispino,NC,VT
Middlebury,Teddy Curran,PA,VT
Middlebury,Jack Burke,VA,VT
Middlebury,Tyler Pincelli,CT,VT
Middlebury,Patrick Jamin,NJ,VT
Middlebury,Tommy Schwartz,MA,VT
Middlebury,Cooper DeMallie,NJ,VT
Middlebury,Owen Halter,PA,VT
Middlebury,Ryan Colella,NJ,VT
Middlebury,Charlie English,NY,VT
Middlebury,Santino Gambardella,CT,VT
Middlebury,Brendan Logan,VT,VT
Middlebury,William Munroe,MA,VT
Middlebury,Edson Nunez,CA,VT
Middlebury,Michael Muscarella,NY,VT
Middlebury,Jack Gunning,MD,VT
Middlebury,Russell Thorndike,MA,VT
Middlebury,Siobhan Colin,MA,VT
Middlebury,Hope Shue,MA,VT
Middlebury,Kendall Coyne,OR,VT
Middlebury,Macy Sweeny,MA,VT
Middlebury,Kate Motley,VA,VT
Middlebury,Caroline Adams,VT,VT
Middlebury,Caroline Messer,CT,VT
Middlebury,Lila DeLuca,MA,VT
Middlebury,Lauren Giuriceo,NY,VT
Middlebury,Libby TenBarge,NJ,VT
Middlebury,Alexandra Walker,NY,VT
Middlebury,Maddie Ackerman,NJ,VT
Middlebury,Maggie Coughlin,MA,VT
Middlebury,Britt Nawrocki,MA,VT
Middlebury,Anna Spehr,NY,VT
Middlebury,Maddie Ocampo,MA,VT
Middlebury,Maeve Lee,NH,VT
Middlebury,Kelcey Dion,MA,VT
Middlebury,Kylie Wilson,MA,VT
Middlebury,Lucy Bishop,WA,VT
Middlebury,Jamee Numan,KY,VT
Middlebury,Catie Duggan,CT,VT
Middlebury,Emma McCann,MA,VT
Middlebury,Burdine Atherton,CA,VT
Middlebury,Grace Mumford,NH,VT
Middlebury,Mackenzie Smith,PA,VT
Middlebury,Dottie Ghislandi,IL,VT
Middlebury,Skylar Lach,DC,VT
Middlebury,Haley Hamilton,MA,VT
Middlebury,Madison Paylor,MD,VT
Middlebury,Sophia Lee,MA,VT
Middlebury,Elizabeth Savage,RI,VT
Middlebury,Gina Driscoll,CT,VT
Middlebury,Zari Garfield,DC,VT
Middlebury,Grace Smith,NJ,VT
Middlebury,Ruth Abdalla,IN,VT
Trinity,Dawson Brown,FL,CT
Trinity,Miles Harvey,VA,CT
Trinity,Bo Page,PA,CT
Trinity,Hayden Shin,CT,CT
Trinity,Jay Ottomanelli,NY,CT
Trinity,Colin Sullivan,MA,CT
Trinity,Cam Elenteny,CT,CT
Trinity,Jordan Opdahl,MD,CT
Trinity,Diego Gomez,RI,CT
Trinity,Luke Rizzotti,MA,CT
Trinity,Zachary Faust,NJ,CT
Trinity,Fitz Fechette,MA,CT
Trinity,Jack Almeida,CT,CT
Trinity,Edward Schreiber,NY,CT
Trinity,Andrew Finn,MA,CT
Trinity,Ben Wong,MA,CT
Trinity,Ollie Lamadieu,MA,CT
Trinity,Collin Mccarthy,CT,CT
Trinity,John Cowdrick,MA,CT
Trinity,Finn OCallaghan,NY,CT
Trinity,Gerard OConnor,NY,CT
Trinity,Carter Barford,NY,CT
Trinity,Jon Krikorian,MA,CT
Trinity,William Lavalle,MA,CT
Trinity,Davis Ike,PA,CT
Trinity,Hugh Curran,MA,CT
Trinity,Ryan Challice,NY,CT
Trinity,Ethan Cobb,NC,CT
Trinity,Jake Connors,MA,CT
Trinity,Elliot Detjens,MA,CT
Trinity,Conley Bohan,NH,CT
Trinity,Will Tryder,MA,CT
Trinity,Kieran Shin,CT,CT
Trinity,Theodore Sachs,CT,CT
Trinity,Connor Maron,FL,CT
Trinity,JD Landstorm,MN,CT
Trinity,Logan Mueller,NY,CT
Trinity,Jeb Slimbaugh,MA,CT
Trinity,Ethan Opdenaker,NJ,CT
Trinity,Brock Narciso,KA,CT
Trinity,Nicholas Sofer,MA,CT
Trinity,Dylan Feeks,MA,CT
Trinity,Geno Rovero,CT,CT
Trinity,Owen Kiernan,MA,CT
Trinity,Makin Blalock,VA,CT
Trinity,John Nagle III,MA,CT
Trinity,Benjamin Horowitz,CA,CT
Trinity,Nikolas Barnes,RI,CT
Trinity,Anderson Chang,NJ,CT
Trinity,Owen Johnston,MA,CT
Trinity,Duncan Rider,CT,CT
Trinity,Davis Burleson,CT,CT
Trinity,Benjamin Walt,PA,CT
Trinity,Dane Jorgensen,CA,CT
Trinity,Josh Gibbs,PA,CT
Trinity,Ethan Lung,MA,CT
Trinity,Herny Schoettle,MA,CT
Trinity,James Jacob,TX,CT
Trinity,Rory McAllon,NJ,CT
Trinity,Kaeley Zito,RI,CT
Trinity,Tatum Constant,MA,CT
Trinity,Caroline Lally,MA,CT
Trinity,Grace Denious,CT,CT
Trinity,Alex Lesko,PA,CT
Trinity,Sarah Marvin,PA,CT
Trinity,Rebecca Strouch,CT,CT
Trinity,Courtney Webb,MA,CT
Trinity,Brooke Kurtz,VA,CT
Trinity,Grace Murphy,CT,CT
Trinity,Caitlin Hicks,MA,CT
Trinity,Sally Brunelle,MA,CT
Trinity,Jaelynn Pittman,CT,CT
Trinity,Erica Kierstead,WA,CT
Trinity,Cecille Robinson,MA,CT
Trinity,Ava Lynch,MA,CT
Trinity,Kelsey Restivo,NY,CT
Trinity,June Trodden,MA,CT
Trinity,Heather Stucker,ME,CT
Trinity,Alexa Macaulay,VA,CT
Trinity,Caroline Cohen,ME,CT
Trinity,Sydney Aitkenhead,NJ,CT
Trinity,Lily Iler,MA,CT
Trinity,Siena Atkinson,NJ,CT
Trinity,Emily Ambrozy,NY,CT
Trinity,Ivy Armentrout,ME,CT
Trinity,Samantha Hark,PA,CT
Trinity,Olivia Aguirre,CO,CT
Trinity,Karenna Chader,NY,CT
Trinity,Ali Macdougall,CT,CT
Trinity,Tessa Gattuso,PA,CT
Tufts,Victor Salcedo,VA,MA
Tufts,Nick George,FL,MA
Tufts,Ben Friedman,MA,MA
Tufts,Ethan Oneill,MA,MA
Tufts,Kai Solomon,CA,MA
Tufts,Jackson Reid,DE,MA
Tufts,Will Anderson,MA,MA
Tufts,Charlie Tagliaferri,CA,MA
Tufts,Brooks Hauser,CO,MA
Tufts,Ben Frisoil,MA,MA
Tufts,Cam Delcristo,CT,MA
Tufts,Luke Theberge,MA,MA
Tufts,Sam Frisoli,MA,MA
Tufts,Max Ettinghausen,NY,MA
Tufts,Garrett Kelly,GA,MA
Tufts,Harrison Stockdale,CT,MA
Tufts,Ben Clark,MA,MA
Tufts,Max Melton,TX,MA
Tufts,Joey Kraft,MA,MA
Tufts,Conner Garzone,NY,MA
Tufts,Jack Regnery,FL,MA
Tufts,Josiah de Grasse,CT,MA
Tufts,Parker Merril,MD,MA
Tufts,Peter Kraemer,CA,MA
Tufts,Louis Timmins,MA,MA
Tufts,Elliot Rutherford,CO,MA
Tufts,Mack Leonhartt,DE,MA
Tufts,Joey Waldbaum,CO,MA
Tufts,Chase Beyer,UT,MA
Tufts,Drew Haugen,NY,MA
Tufts,Tej Gadhavi,CA,MA
Tufts,Declan Murphy,MA,MA
Tufts,Chris Tsetsekos,PA,MA
Tufts,Will Emsing,MA,MA
Tufts,William Bonner,CT,MA
Tufts,Erik Helgeson,NJ,MA
Tufts,Cole Friedlander,MD,MA
Tufts,Jack Old,OH,MA
Tufts,Lucas De La Paz,CA,MA
Tufts,Beau Ryan,IL,MA
Tufts,Henry Tweedy,MA,MA
Tufts,Blake Washburn,WA,MA
Tufts,George Panagopoulos,NY,MA
Tufts,Logan Lee,CO,MA
Tufts,Bryce Hall Knight,NY,MA
Tufts,Noah Minkwitz,MA,MA
Tufts,Callum Wood,CT,MA
Tufts,Brian Winters,NJ,MA
Tufts,David Levine,NJ,MA
Tufts,Charles Barzun,KY,MA
Tufts,Michael Ayers,MA,MA
Tufts,Brayden Beyer,UT,MA
Tufts,Jordan Ito,OH,MA
Tufts,Braun Lippe,MD,MA
Tufts,Brooks Byrnes,CT,MA
Tufts,Bowman Rhinesmith,MA,MA
Tufts,Beau Keough,MA,MA
Tufts,Davis Owens,VA,MA
Tufts,Alex Dircks,NY,MA
Tufts,Sadie Dodson,CA,MA
Tufts,Esme Coes,MA,MA
Tufts,Kate Deehan,MA,MA
Tufts,Sophia Claps,NJ,MA
Tufts,Cate Anderson,MA,MA
Tufts,Nicola Sommers,CT,MA
Tufts,Bella Monteleone,NY,MA
Tufts,Neta Leschly,MA,MA
Tufts,Nicola Donlan,MA,MA
Tufts,Magdalena Rieper,MA,MA
Tufts,Annie Bergeron,ME,MA
Tufts,Annie Aspesi,PA,MA
Tufts,Madeline Delaney,MA,MA
Tufts,Emily Leschin,CA,MA
Tufts,Grace Hammond,MA,MA
Tufts,Ella Lesperance,MA,MA
Tufts,Schuyler Lloyd,MA,MA
Tufts,Kathryn Wilson,MA,MA
Tufts,Genna Gibbons,CA,MA
Tufts,Anna Mollahan,CA,MA
Tufts,Emma Yale,ME,MA
Tufts,Emma Joyce,MD,MA
Tufts,Ava Olender,NJ,MA
Tufts,Allie Zorn,MA,MA
Tufts,Caroline Cromwell,MA,MA
Tufts,Margie Carden,PA,MA
Tufts,Caroline Conaghan,MD,MA
Tufts,Sophie Powless,NY,MA
Tufts,Pascale de Buren,CA,MA
Tufts,Devon Chipman,DE,MA
Tufts,Elsa Schutt,CA,MA
Tufts,Maddy Charest,TX,MA
Tufts,Kate Mastrobuono,MA,MA
Tufts,Kathryn Fernandopulle,MA,MA
Wesleyan,Jackson Tinari,NJ,CT
Wesleyan,Will Miller,CA,CT
Wesleyan,Devin Osullivan,NY,CT
Wesleyan,Matty Liu,CA,CT
Wesleyan,Nolan Samson,NJ,CT
Wesleyan,Colin Matthes Theriault,CT,CT
Wesleyan,Jack Raba,CT,CT
Wesleyan,Charlie Wilmot,MA,CT
Wesleyan,Gavin Lechner,NH,CT
Wesleyan,CK Giancola,FL,CT
Wesleyan,Cole Ward,UT,CT
Wesleyan,Finn Ahrens,NY,CT
Wesleyan,Emmett Schillinger,MA,CT
Wesleyan,Hamilton Tevis,CT,CT
Wesleyan,Ryan Aabel,NY,CT
Wesleyan,Jared Cohen,NJ,CT
Wesleyan,Scott Cunningham,CT,CT
Wesleyan,Thomas Girimonti,NY,CT
Wesleyan,John Maranto,MD,CT
Wesleyan,Matt Rettinger,NY,CT
Wesleyan,Drew Zyskowski,MI,CT
Wesleyan,Alec Easterby,TX,CT
Wesleyan,James Bailey,NJ,CT
Wesleyan,Sam Wien,MA,CT
Wesleyan,Devin Alton,MD,CT
Wesleyan,Charlie Knapp,CA,CT
Wesleyan,Matt Morrow,MA,CT
Wesleyan,Matt May,NY,CT
Wesleyan,Doug Rabin,NY,CT
Wesleyan,Sam Jewett,CT,CT
Wesleyan,Conor Selfridge,IL,CT
Wesleyan,Josh Barry,MD,CT
Wesleyan,Justin Meyreles,NY,CT
Wesleyan,Tyler Campbell,NC,CT
Wesleyan,Charlie Hoban,IL,CT
Wesleyan,Paul Boghosian,RI,CT
Wesleyan,Will Shull,MA,CT
Wesleyan,Jackson Raymond,NY,CT
Wesleyan,Devin Prettyman,PA,CT
Wesleyan,Joe Hurton,MA,CT
Wesleyan,Lachlan Simmers,ID,CT
Wesleyan,Lucca Casagrande,MA,CT
Wesleyan,Ben Burns,NY,CT
Wesleyan,Charlie Silver,IL,CT
Wesleyan,Drew Ambrose,VA,CT
Wesleyan,Reef Kabalin,FL,CT
Wesleyan,Palmer Zarzycki,PA,CT
Wesleyan,Liam Mccarthy,MD,CT
Wesleyan,Kyle Short,NY,CT
Wesleyan,Will Hansen,CA,CT
Wesleyan,Jack Doherty,MA,CT
Wesleyan,Calder Truesdale,CT,CT
Wesleyan,Charlie Hill,NY,CT
Wesleyan,Harry Larbalestier,VA,CT
Wesleyan,Silas Hamblett,ME,CT
Wesleyan,Elliot Goldman,OH,CT
Wesleyan,Jack Stanislaw,CT,CT
Wesleyan,Gage Dado,CA,CT
Wesleyan,Kate Tracy,ME,CT
Wesleyan,Kate Morey,NJ,CT
Wesleyan,Addie Cummings,NJ,CT
Wesleyan,Madeline Johnson,NJ,CT
Wesleyan,Lindsey Diomede,MA,CT
Wesleyan,Maddie Shoemaker,PA,CT
Wesleyan,Bridget Horst,CT,CT
Wesleyan,Sabrina Katz,NY,CT
Wesleyan,Molly Simon,NJ,CT
Wesleyan,Mya Waryas,MA,CT
Wesleyan,Maeve Madura,CT,CT
Wesleyan,Caroline Cervini,MA,CT
Wesleyan,Charlotte Dachs,CA,CT
Wesleyan,Kiara Tangney,MA,CT
Wesleyan,Elle Priesing,NJ,CT
Wesleyan,Sarah Polumbo,MA,CT
Wesleyan,Piper Dionne,RI,CT
Wesleyan,Alix Riley,NY,CT
Wesleyan,Hannah Gilliam,NY,CT
Wesleyan,Lilly Stoller,MA,CT
Wesleyan,Charlotte Zapletal,CT,CT
Wesleyan,Anna Clair,MA,CT
Wesleyan,Sam DeLeo,NY,CT
Wesleyan,Sami Smith,MA,CT
Wesleyan,Maddie Chang,RI,CT
Wesleyan,Catherine Vien,MA,CT
Wesleyan,Kyra Browne,NY,CT
Wesleyan,Maggie Keller,MA,CT
Wesleyan,Maeve Olson,NJ,CT
Wesleyan,Izzy Weintraub,NY,CT
Wesleyan,April Rowe,RI,CT
Wesleyan,Becca Dibble,MA,CT
Wesleyan,Margo Wilson,GA,CT
Wesleyan,Dylan Green,PA,CT
Williams,Matt Wetmore,VA,MA
Williams,Jack Sartorius,NJ,MA
Williams,Nate Felesenthal,CA,MA
Williams,Charlie Medd,NJ,MA
Williams,Ryan Johnson,NJ,MA
Williams,Harry Appelt,CT,MA
Williams,Matthew Johnson,NJ,MA
Williams,Cooper Tilden,TX,MA
Williams,Ian Kim,PA,MA
Williams,Cade Schuckman,NJ,MA
Williams,Gavin Timoney,NJ,MA
Williams,Tucker Graham,PA,MA
Williams,Brody Page,NJ,MA
Williams,Jared Stiiler,CO,MA
Williams,Davis Miller,WI,MA
Williams,Zach Falls,MA,MA
Williams,Harrison Cross,NY,MA
Williams,Finn Leamy,NJ,MA
Williams,Jon Marvan,MA,MA
Williams,Ethan Filler,NJ,MA
Williams,Ian Mccarron,MA,MA
Williams,Will Doran,NJ,MA
Williams,Lewis Schrock,WA,MA
Williams,Wyatt Cotton,MD,MA
Williams,Matthew Dunn,FL,MA
Williams,Seamus Regan,MD,MA
Williams,Will Erickson,NJ,MA
Williams,Tommy Cottrell,NY,MA
Williams,Ryan Nagle,MA,MA
Williams,Tony Provenza,IA,MA
Williams,Eddie Loyd,MD,MA
Williams,Ralph Vogel,MA,MA
Williams,Drew Nicholson,NY,MA
Williams,Jesse Shapiro,IL,MA
Williams,Aidan Housenbold,CA,MA
Williams,Brendan Cooleen,PA,MA
Williams,Nolan Cooleen,PA,MA
Williams,AJ Zuleta,NY,MA
Williams,Cece Tauber,CT,MA
Williams,Cameron Song,NY,MA
Williams,Ellie Batchelder,MA,MA
Williams,Sasha Landau,RI,MA
Williams,Franny Donohue,NY,MA
Williams,Kiki Higgins,MA,MA
Williams,Mosunmola Balogun,MD,MA
Williams,Cailin Morrissey,MA,MA
Williams,Ellie Smith,MA,MA
Williams,Meaghan Day,MA,MA
Williams,Claudia Russell,CA,MA
Williams,Grace Collier,CT,MA
Williams,Reece Willison,CT,MA
Williams,Anna Miller,MA,MA
Williams,Grace Rebak,NJ,MA
Williams,McKenna Dwyer,NJ,MA
Williams,Ainsley Abel,MA,MA
Williams,Katy McCullough,MA,MA
Williams,Jade Lowe,CT,MA
Williams,Claire Newhall,PA,MA
Williams,Lauren Morganlander,NJ,MA
Williams,Coco Norman,CT,MA
Williams,Sydney Puntus,NJ,MA
Williams,Juliet Kilborn,WA,MA
Williams,Liv Kim,NJ,MA
Williams,Quinn Edie,CA,MA
Williams,Caroline Pratt,CT,MA
Williams,Charlotte Cote,NJ,MA