School,Students,Home State,School State
Amherst,Spencer Will,New York,Massachusetts
Amherst,Max Youssefnia,Washington,Massachusetts
Amherst,Dylan Hsu,Maryland,Massachusetts
Amherst,Bob Gross,Maryland,Massachusetts
Amherst,Mike Hanlon,Massachusetts,Massachusetts
Amherst,Brendan Reilly,New York,Massachusetts
Amherst,Joshua Scott,California,Massachusetts
Amherst,Brayden Stroh,California,Massachusetts
Amherst,Oscar Smink,Maryland,Massachusetts
Amherst,Mitch Likins,California,Massachusetts
Amherst,Nico Berger,Massachusetts,Massachusetts
Amherst,Andrew Hahm,Massachusetts,Massachusetts
Amherst,Jack Neiger,California,Massachusetts
Amherst,Willie Doyle,New Jersey,Massachusetts
Amherst,Mason Chandler,Washington,Massachusetts
Amherst,Devon Christian,North Carolina,Massachusetts
Amherst,Brooks Catlin,Colorado,Massachusetts
Amherst,Carter Cave,Vermont,Massachusetts
Amherst,Nicholas Kopp,Maryland,Massachusetts
Amherst,Luciano Chadha,Pennsylvania,Massachusetts
Amherst,Matthew Sheinberg,Connecticut,Massachusetts
Amherst,Alex Vlacich,Massachusetts,Massachusetts
Amherst,Lawson Laverty,Virginia,Massachusetts
Amherst,Steve Crawford II,Georgia,Massachusetts
Amherst,Rob Williamson,Texas,Massachusetts
Amherst,Jacob Bruno,New York,Massachusetts
Amherst,Sam Schafer,Michigan,Massachusetts
Amherst,Alex Giacobbe,New York,Massachusetts
Amherst,Shafeek Halabi,Michigan,Massachusetts
Amherst,Sam Sneider,Michigan,Massachusetts
Amherst,Ben Wick,Connecticut,Massachusetts
Amherst,Tim Souza,Massachusetts,Massachusetts
Amherst,Ayden Santi-Tillotson,Utah,Massachusetts
Amherst,Owen Gaydos,Connecticut,Massachusetts
Amherst,Bennett Chow,Chicago,Massachusetts
Amherst,Michael Li,Connecticut,Massachusetts
Amherst,Pat Arnold,New York,Massachusetts
Amherst,Noah Chappell,New York,Massachusetts
Amherst,Jordan Gangaram,New York,Massachusetts
Amherst,Thompson Lau,Pennsylvania,Massachusetts
Amherst,Patrick Leder,New York,Massachusetts
Amherst,Ben Steingass,New York,Massachusetts
Amherst,Ben Bruno,New York,Massachusetts
Amherst,Peter Koren,California,Massachusetts
Amherst,Sam Gerber,Pennsylvania,Massachusetts
Amherst,Braden Poon,California,Massachusetts
Bates,Andrew Toland       ,Massachusetts,Maine
Bates,TJ Underhill       ,California,Maine
Bates,Connor Hartman      ,Massachusetts,Maine
Bates,Quinn Berry         ,Vermont,Maine
Bates,Denim Evans,Maryland,Maine
Bates,Johnny Nunez         ,New York,Maine
Bates,Ben Miller          ,New York,Maine
Bates,Sam Scola           ,California,Maine
Bates,Javi Werner         ,Massachusetts,Maine
Bates,Rye Kushner         ,California,Maine
Bates,Benjamin Kondner    ,Maryland,Maine
Bates,Riley McClure       ,Massachusetts,Maine
Bates,Morgan Ruppenstein  ,Connecticut,Maine
Bates,Colton Curtis       ,North Carolina,Maine
Bates,Jake Anastas       ,Maine,Maine
Bates,Luke Breen          ,New Hampshire,Maine
Bates,Liam Rule           ,Washington,Maine
Bates,Drew McClutchy      ,Massachusetts,Maine
Bates,Jack Markert        ,Virginia,Maine
Bates,Graham Ray,Massachusetts,Maine
Bates,Aidan Cunningham    ,New York,Maine
Bates,Jack Morrison      ,Vermont,Maine
Bates,Teddy Rosen         ,Connecticut,Maine
Bates,Kevin Burke        ,Maine,Maine
Bates,Colin Eaton         ,Massachusetts,Maine
Bates,Jameson Eigel       ,Chicago,Maine
Bates,Cooper Lance        ,California,Maine
Bates,Mason Proutt        ,Maryland,Maine
Bates,Finn Gibons,Rhode Island,Maine
Bates,Dane Jones          ,New York,Maine
Bates,Tyler Chang         ,New York,Maine
Bates,Gray Doyle          ,New Jersey,Maine
Bates,Andrew Sullivan     ,Arizona,Maine
Bates,Nolan Deehan        ,New York,Maine
Bates,Jacob Kodjababian   ,Washington,Maine
Bates,Brian Hart          ,Georgia,Maine
Bates,Drew Nyhus          ,Oregon,Maine
Bates,Roan Hopkins        ,Maine,Maine
Bates,Max Kosicki         ,Massachusetts,Maine
Bates,Jack  Wright        ,Massachusetts,Maine
Bates,Denzel Evans        ,Maryland,Maine
Bates,Luke Heafey         ,California,Maine
Bates,Grant Strohmaier    ,North Carolina,Maine
Bates,Eddie Lin           ,California,Maine
Bates,Jack Goldbach       ,New Jersey,Maine
Bates,Xander Frey         ,Maryland,Maine
Bates,Lucas Braun,Virginia,Maine
Bates,Max Galvin,Massachusetts,Maine
Bowdoin,Chris Berry         ,Maryland,Maine
Bowdoin,Patrick Fitzgerald  ,Maryland,Maine
Bowdoin,Alex Byrne          ,Connecticut,Maine
Bowdoin,Jed Hoggard         ,Massachusetts,Maine
Bowdoin,Peter Flannery      ,Maryland,Maine
Bowdoin,Troy Ulisney        ,Maryland,Maine
Bowdoin,Michael Norton      ,Connecticut,Maine
Bowdoin,Sam Raye-Steiner    ,Massachusetts,Maine
Bowdoin,Will Lesko          ,Pennsylvania,Maine
Bowdoin,Kevin Sandor        ,Connecticut,Maine
Bowdoin,Jack Pyne           ,Massachusetts,Maine
Bowdoin,Alex Choi,New York,Maine
Bowdoin,Cormac Walsh        ,Massachusetts,Maine
Bowdoin,Jason Lach          ,"Washington, D.C.",Maine
Bowdoin,Noah Jones          ,Maryland,Maine
Bowdoin,Cam Wietfeldt,Massachusetts,Maine
Bowdoin,Emre Andican        ,New Jersey,Maine
Bowdoin,AJ McBorrough       ,Colorado,Maine
Bowdoin,Patrick Albers      ,Massachusetts,Maine
Bowdoin,Hayes McCarron      ,Massachusetts,Maine
Bowdoin,Beau Burns,"Washington, D.C.",Maine
Bowdoin,Colin Campbell      ,Maine,Maine
Bowdoin,Luke Harrington,Colorado,Maine
Bowdoin,Nico Schermer       ,Maryland,Maine
Bowdoin,Brooks Kitchel,Maryland,Maine
Bowdoin,Pierson Delcristo   ,Connecticut,Maine
Bowdoin,Luke Bernasek       ,Virginia,Maine
Bowdoin,Avery Kirby         ,New Jersey,Maine
Bowdoin,Jameson Lang        ,Arkansas,Maine
Bowdoin,Will Childs        ,Spain,Maine
Bowdoin,Grayson Moniz       ,California,Maine
Bowdoin,Ryan Winters        ,Massachusetts,Maine
Bowdoin,Xander Cardia       ,Connecticut,Maine
Bowdoin,Alec Davis          ,New York,Maine
Bowdoin,Hudson Greene       ,Virginia,Maine
Bowdoin,Nico Conway         ,California,Maine
Bowdoin,Alec Delgado        ,New Jersey,Maine
Bowdoin,Matthew Fierro      ,Wyoming,Maine
Bowdoin,Casey Ryan          ,California,Maine
Bowdoin,Liam Ford           ,Massachusetts,Maine
Bowdoin,Gordon Gozdeck      ,Massachusetts,Maine
Bowdoin,Alex Kenerson       ,Connecticut,Maine
Bowdoin,Robert Hobbs        ,Pennsylvania,Maine
Bowdoin,Harry Millspaugh    ,Maine,Maine
Bowdoin,Aidan Reidy         ,Massachusetts,Maine
Bowdoin,Isaac Abbott        ,Colorado,Maine
Bowdoin,Huck Trafton ,Maine,Maine
Colby,Will Heisler        ,Connecticut,Maine
Colby,Cormac O'Neill      ,Minnesota,Maine
Colby,Cormac Wright       ,Massachusetts,Maine
Colby,Will Bainbridge     ,New York,Maine
Colby,Zac Landon          ,Massachusetts,Maine
Colby,Carter Smith        ,Massachusetts,Maine
Colby,Luke Lombardo       ,Connecticut,Maine
Colby,Bennett Goller      ,California,Maine
Colby,Isaac Kante         ,New York,Maine
Colby,Ethan Taerstein     ,New York,Maine
Colby,Evan DeVita         ,Connecticut,Maine
Colby,Chris Maichin       ,New York,Maine
Colby,Brooks Rayment      ,Massachusetts,Maine
Colby,Kyle Skop,New York,Maine
Colby,August Thorne       ,Colorado,Maine
Colby,Ryan Lord           ,Connecticut,Maine
Colby,Easton Bello        ,Chicago,Maine
Colby,Jonathan Davis      ,Vermont,Maine
Colby,Will  Rickards      ,Massachusetts,Maine
Colby,Gavin Rothenberg    ,Connecticut,Maine
Colby,Hayden Critchell    ,Connecticut,Maine
Colby,Thomas Moreau       ,Wisconsin,Maine
Colby,Trevor Pettibone    ,Pennsylvania,Maine
Colby,Sean McGrath        ,New York,Maine
Colby,Jack Sherman        ,Massachusetts,Maine
Colby,Tidiane Gakou       ,New York,Maine
Colby,Harrison Leenhouts  ,California,Maine
Colby,Tristan Bassett,California,Maine
Colby,Kevin Ewanich       ,Massachusetts,Maine
Colby,Nick Sokolosky      ,Massachusetts,Maine
Colby,Preston Maze        ,New York,Maine
Colby,William Flannery    ,Georgia,Maine
Colby,Thacher McCoy       ,Pennsylvania,Maine
Colby,Nick Hoy            ,Maine,Maine
Colby,Quinn Coughlan      ,Maryland,Maine
Colby,Matthew George      ,Massachusetts,Maine
Colby,Max Proia           ,Massachusetts,Maine
Colby,Will Steele         ,Chicago,Maine
Colby,Matt Stein          ,Connecticut,Maine
Colby,Niklas Kindbom      ,Canada,Maine
Colby,Joe McCormack       ,Washington,Maine
Colby,Jojo Samluk         ,California,Maine
Colby,Reilly Pablo        ,Maryland,Maine
Colby,Matt Murer          ,Maine,Maine
Colby,Brian Bowler        ,Colorado,Maine
Colby,Matthew Torrey      ,Massachusetts,Maine
Colby,Justin Turley,Pennsylvania,Maine
Colby,Jackson Alvord      ,Connecticut,Maine
Colby,Luke Laferriere     ,Connecticut,Maine
Colby,Carson Ahola        ,Massachusetts,Maine
Colby,Connor Storie,Arizona,Maine
Connecticut,Nick McLaughlin,Massachusetts,Connecticut
Connecticut,Josh Kozub,Massachusetts,Connecticut
Connecticut,Chris Travers,California,Connecticut
Connecticut,Isaiah Kozub,Massachusetts,Connecticut
Connecticut,Daniel Smith,Rhode Island,Connecticut
Connecticut,Zach Bucher,New Jersey,Connecticut
Connecticut,Declan Kuhn,Connecticut,Connecticut
Connecticut,Mike Delhome,Massachusetts,Connecticut
Connecticut,Michael Moran,South Carolina,Connecticut
Connecticut,Jack Anglim,Connecticut,Connecticut
Connecticut,Liam Schwartz,New Jersey,Connecticut
Connecticut,Graydon Diamond,Connecticut,Connecticut
Connecticut,Aidan Gaudet,Connecticut,Connecticut
Connecticut,Gus Williams,Vermont,Connecticut
Connecticut,JJ Ford,Connecticut,Connecticut
Connecticut,Will Zaslow,Connecticut,Connecticut
Connecticut,Andrew Rainvillie,Connecticut,Connecticut
Connecticut,Sam Harley,Nevada,Connecticut
Connecticut,Conor Matthews,New York,Connecticut
Connecticut,Chris Latchford,Maryland,Connecticut
Connecticut,Dylan McGuirk,Massachusetts,Connecticut
Connecticut,Cole Ronan,New York,Connecticut
Connecticut,Becan O'Brien,Massachusetts,Connecticut
Connecticut,Colter Lingelbach-Pierce,New Hampshire,Connecticut
Connecticut,Patrick Atkins,Massachusetts,Connecticut
Connecticut,Nate Elkin,Virginia,Connecticut
Connecticut,James Brennan,Massachusetts,Connecticut
Connecticut,Liam Doyle,Connecticut,Connecticut
Connecticut,Sean McCarthy,Massachusetts,Connecticut
Connecticut,Will Vivian,New York,Connecticut
Connecticut,Kurt Schillinger,Massachusetts,Connecticut
Connecticut,Trevor Perkins,Massachusetts,Connecticut
Connecticut,Connor Devir,New Jersey,Connecticut
Connecticut,Brayden Warde,Maine,Connecticut
Connecticut,Cade McAdams,Massachusetts,Connecticut
Connecticut,Grady Brandstatter,South Carolina,Connecticut
Connecticut,Lorenzo Vogliano,New York,Connecticut
Connecticut,Liam Horkan,Massachusetts,Connecticut
Connecticut,Sean Horkan,Massachusetts,Connecticut
Connecticut,Peyton Gray,Vermont,Connecticut
Connecticut,Aidan Shea,Massachusetts,Connecticut
Connecticut,Jack Halpin,California,Connecticut
Connecticut,Ethan Cotler,New York,Connecticut
Connecticut,Ryna Breheny,Massachusetts,Connecticut
Connecticut,Myles Newport,Ontario,Connecticut
Connecticut,Cooper Growney,Connecticut,Connecticut
Connecticut,Liam Doherty,Massachusetts,Connecticut
Connecticut,John Elliopulos,Massachusetts,Connecticut
Connecticut,Brendan Tartaglione,New Jersey,Connecticut
Connecticut,Aidan McAvoy,North Carolina,Connecticut
Connecticut,Aidan Valeiko,New York,Connecticut
Connecticut,Carmelo Higgins,California,Connecticut
Connecticut,Liam Fallon,Colorado,Connecticut
Connecticut,Patrick Hogan ,New Jersey,Connecticut
Connecticut,Louie Varadi,Massachusetts,Connecticut
Connecticut,Austin Moore,Massachusetts,Connecticut
Connecticut,Ryan Frank,Maryland,Connecticut
Connecticut,Noah Macielag,Maryland,Connecticut
Connecticut,Henry Dumler,Washington,Connecticut
Connecticut,Hayden Carpenter,Maryland,Connecticut
Connecticut,Jimmy Carlin,Rhode Island,Connecticut
Connecticut,Kiran Singh-Andrews,New Jersey,Connecticut
Connecticut,Joey DeMarzo,New Jersey,Connecticut
Connecticut,Braeden Saunders,Connecticut,Connecticut
Middlebury,Henry Tarr,Pennsylvania,Vermont
Middlebury,Drew Dummer,Massachusetts,Vermont
Middlebury,Logan White,Colorado,Vermont
Middlebury,Charlie O'Connor,New York,Vermont
Middlebury,Aidan Dever,Massachusetts,Vermont
Middlebury,Will Spehr,New York,Vermont
Middlebury,Jackson Hanson,Texas,Vermont
Middlebury,Peyton Jordan,Washington,Vermont
Middlebury,Misha Trupo,Texas,Vermont
Middlebury,Finn McCarthy,Georgia,Vermont
Middlebury,Brendan Hickey,Delaware,Vermont
Middlebury,Nick Marvin,California,Vermont
Middlebury,Cole Foster,New Jersey,Vermont
Middlebury,Billy Curtis,Massachusetts,Vermont
Middlebury,Hayden Kern,Texas,Vermont
Middlebury,Nate Holliday,New Jersey,Vermont
Middlebury,Ryan McGloin,New York,Vermont
Middlebury,Bryan Henry,Pennsylvania,Vermont
Middlebury,Garret Hawthorne,California,Vermont
Middlebury,James Farinacci,New Jersey,Vermont
Middlebury,Nate Ruoss,Delaware,Vermont
Middlebury,John McCarthy,New York,Vermont
Middlebury,AJ Noyes,Maine,Vermont
Middlebury,Ged Gengras,Connecticut,Vermont
Middlebury,Noah Flippelli,New York,Vermont
Middlebury,Justin DeLucia,New York,Vermont
Middlebury,JD Farkas,New Jersey,Vermont
Middlebury,Dylan Fagan ,Virgina,Vermont
Middlebury,Bradford Tudor,California,Vermont
Middlebury,Will Ford,Colorado,Vermont
Middlebury,Nicky Cairo,New York,Vermont
Middlebury,Quinn Green,Delaware,Vermont
Middlebury,Everett Easterby,Texas,Vermont
Middlebury,Will Crispino,North Carolina,Vermont
Middlebury,Teddy Curran,Pennsylvania,Vermont
Middlebury,Jack Burke,Virgina,Vermont
Middlebury,Tyler Pincelli,Connecticut,Vermont
Middlebury,Patrick Jamin,New Jersey,Vermont
Middlebury,Tommy Schwartz,Massachusetts,Vermont
Middlebury,Cooper DeMallie,New Jersey,Vermont
Middlebury,Owen Halter,Pennsylvania,Vermont
Middlebury,Ryan Colella,New Jersey,Vermont
Middlebury,Charlie English,New York,Vermont
Middlebury,Santino Gambardella,Connecticut,Vermont
Middlebury,Brendan Logan,Vermont,Vermont
Middlebury,William Munroe,Massachusetts,Vermont
Middlebury,Edson Nunez,California,Vermont
Middlebury,Michael Muscarella ,New York,Vermont
Middlebury,Jack Gunning,Maryland,Vermont
Middlebury,Russell Thorndike,Massachusetts,Vermont
Tufts,Victor Salcedo,Virgina,Massachusetts
Tufts,Nick George,Florida,Massachusetts
Tufts,Ben Friedman,Massachusetts,Massachusetts
Tufts,Ethan Oneill,Massachusetts,Massachusetts
Tufts,Kai Solomon,California,Massachusetts
Tufts,Jackson Reid,Delaware,Massachusetts
Tufts,Will Anderson,Massachusetts,Massachusetts
Tufts,Charlie Tagliaferri,California,Massachusetts
Tufts,Brooks Hauser,Colorado,Massachusetts
Tufts,Ben Frisoil,Massachusetts,Massachusetts
Tufts,Cam Delcristo,Connecticut,Massachusetts
Tufts,Luke Theberge,Massachusetts,Massachusetts
Tufts,Sam Frisoli,Massachusetts,Massachusetts
Tufts,Max Ettinghausen,New York,Massachusetts
Tufts,Garrett Kelly,Georgia,Massachusetts
Tufts,Harrison Stockdale,Connecticut,Massachusetts
Tufts,Ben Clark,Massachusetts,Massachusetts
Tufts,Max Melton,Texas,Massachusetts
Tufts,Joey Kraft,Massachusetts,Massachusetts
Tufts,Conner Garzone,New York,Massachusetts
Tufts,Jack Regnery,Florida,Massachusetts
Tufts,Josiah de Grasse,Connecticut,Massachusetts
Tufts,Parker Merril ,Maryland,Massachusetts
Tufts,Peter Kraemer,California,Massachusetts
Tufts,Louis Timmins ,Massachusetts,Massachusetts
Tufts,Elliot Rutherford,Colorado,Massachusetts
Tufts,Mack Leonhartt,Delaware,Massachusetts
Tufts,Joey Waldbaum,Colorado,Massachusetts
Tufts,Chase Beyer,Utah,Massachusetts
Tufts,Drew Haugen,New York,Massachusetts
Tufts,Tej Gadhavi,California,Massachusetts
Tufts,Declan Murphy,Massachusetts,Massachusetts
Tufts,Chris Tsetsekos,Pennsylvania,Massachusetts
Tufts,Will Emsing,Massachusetts,Massachusetts
Tufts,William Bonner,Connecticut,Massachusetts
Tufts,Erik Helgeson,New Jersey,Massachusetts
Tufts,Cole Friedlander,Maryland,Massachusetts
Tufts,Jack Old,Ohio,Massachusetts
Tufts,Lucas De La Paz,California,Massachusetts
Tufts,Beau Ryan,Chicago,Massachusetts
Tufts,Henry Tweedy,Massachusetts,Massachusetts
Tufts,Blake Washburn,Washington,Massachusetts
Tufts,George Panagopoulos,New York,Massachusetts
Tufts,Logan Lee,Colorado,Massachusetts
Tufts,Bryce Hall Knight,New York,Massachusetts
Tufts,Noah Minkwitz,Massachusetts,Massachusetts
Tufts,Callum Wood,Connecticut,Massachusetts
Tufts,Brian Winters,New Jersey,Massachusetts
Tufts,David Levine,New Jersey,Massachusetts
Tufts,Charles Barzun,Kentucky,Massachusetts
Tufts,Michael Ayers,Massachusetts,Massachusetts
Tufts,Brayden Beyer,Utah,Massachusetts
Tufts,Jordan Ito,Ohio,Massachusetts
Tufts,Braun Lippe,Maryland,Massachusetts
Tufts,Brooks Byrnes,Connecticut,Massachusetts
Tufts,Bowman Rhinesmith,Massachusetts,Massachusetts
Tufts,Beau Keough,Massachusetts,Massachusetts
Tufts,Davis Owens,Virgina,Massachusetts
Tufts,Alex Dircks,New York,Massachusetts
Wesleyan,Jackson Tinari,New Jersey,Connecticut
Wesleyan,Will Miller,California,Connecticut
Wesleyan,Devin Osullivan,New York,Connecticut
Wesleyan,Matty Liu,California,Connecticut
Wesleyan,Nolan Samson,New Jersey,Connecticut
Wesleyan,Colin Matthes Theriault,Connecticut,Connecticut
Wesleyan,Jack Raba ,Connecticut,Connecticut
Wesleyan,Charlie Wilmot,Massachusetts,Connecticut
Wesleyan,Gavin Lechner,New Hampshire,Connecticut
Wesleyan,CK Giancola,Florida,Connecticut
Wesleyan,Cole Ward,Utah,Connecticut
Wesleyan,Finn Ahrens,New York,Connecticut
Wesleyan,Emmett Schillinger,Massachusetts,Connecticut
Wesleyan,Hamilton Tevis,Connecticut,Connecticut
Wesleyan,Ryan Aabel,New York,Connecticut
Wesleyan,Jared Cohen,New Jersey,Connecticut
Wesleyan,Scott Cunningham,Connecticut,Connecticut
Wesleyan,Thomas Girimonti,New York,Connecticut
Wesleyan,John Maranto,Maryland,Connecticut
Wesleyan,Matt Rettinger,New York,Connecticut
Wesleyan,Drew Zyskowski,Michigan,Connecticut
Wesleyan,Alec Easterby,Texas,Connecticut
Wesleyan,James Bailey,New Jersey,Connecticut
Wesleyan,Sam Wien,Massachusetts,Connecticut
Wesleyan,Devin Alton,Maryland,Connecticut
Wesleyan,Charlie Knapp,California,Connecticut
Wesleyan,Matt Morrow,Massachusetts,Connecticut
Wesleyan,Matt May,New York,Connecticut
Wesleyan,Doug Rabin,New York,Connecticut
Wesleyan,Sam Jewett,Connecticut,Connecticut
Wesleyan,Conor Selfridge,Chicago,Connecticut
Wesleyan,Josh Barry,Maryland,Connecticut
Wesleyan,Justin Meyreles,New York,Connecticut
Wesleyan,Tyler Campbell,North Carolina,Connecticut
Wesleyan,Charlie Hoban,Chicago,Connecticut
Wesleyan,Paul Boghosian,Rhode Island,Connecticut
Wesleyan,Will Shull,Massachusetts,Connecticut
Wesleyan,Jackson Raymond,New York,Connecticut
Wesleyan,Devin Prettyman,Pennsylvania,Connecticut
Wesleyan,Joe Hurton,Massachusetts,Connecticut
Wesleyan,Lachlan Simmers,Idaho,Connecticut
Wesleyan,Lucca Casagrande,Massachusetts,Connecticut
Wesleyan,Ben Burns,New York,Connecticut
Wesleyan,Charlie Silver,Chicago,Connecticut
Wesleyan,Drew Ambrose,Virgina,Connecticut
Wesleyan,Reef Kabalin,Florida,Connecticut
Wesleyan,Palmer Zarzycki,Pennsylvania,Connecticut
Wesleyan,Liam Mccarthy,Maryland,Connecticut
Wesleyan,Kyle Short,New York,Connecticut
Wesleyan,Will Hansen,California,Connecticut
Wesleyan,Jack Doherty,Massachusetts,Connecticut
Wesleyan,Calder Truesdale ,Connecticut,Connecticut
Wesleyan,Charlie Hill,New York,Connecticut
Wesleyan,Harry Larbalestier,Virgina,Connecticut
Wesleyan,Silas Hamblett,Maine,Connecticut
Wesleyan,Elliot Goldman,Ohio,Connecticut
Wesleyan,Jack Stanislaw,Connecticut,Connecticut
Wesleyan,Gage Dado,California,Connecticut
Trinity,Dawson Brown,Florida,Connecticut
Trinity,Miles Harvey,Virgina,Connecticut
Trinity,Bo Page,Pennsylvania,Connecticut
Trinity,Hayden Shin,Connecticut,Connecticut
Trinity,Jay Ottomanelli,New York,Connecticut
Trinity,Colin Sullivan,Massachusetts,Connecticut
Trinity,Cam Elenteny,Connecticut,Connecticut
Trinity,Jordan Opdahl,Maryland,Connecticut
Trinity,Diego Gomez,Rhode Island,Connecticut
Trinity,Luke Rizzotti,Massachusetts,Connecticut
Trinity,Zachary Faust,New Jersey,Connecticut
Trinity,Fitz Fechette,Massachusetts,Connecticut
Trinity,Jack Almeida,Connecticut,Connecticut
Trinity,Edward Schreiber,New York,Connecticut
Trinity,Andrew Finn,Massachusetts,Connecticut
Trinity,Ben Wong,Massachusetts,Connecticut
Trinity,Ollie Lamadieu,Massachusetts,Connecticut
Trinity,Collin Mccarthy,Connecticut,Connecticut
Trinity,John Cowdrick,Massachusetts,Connecticut
Trinity,Finn OCallaghan,New York,Connecticut
Trinity,Gerard OConnor,New York,Connecticut
Trinity,Carter Barford,New York,Connecticut
Trinity,Jon Krikorian,Massachusetts,Connecticut
Trinity,William Lavalle,Massachusetts,Connecticut
Trinity,Davis Ike,Pennsylvania,Connecticut
Trinity,Hugh Curran,Massachusetts,Connecticut
Trinity,Ryan Challice,New York,Connecticut
Trinity,Ethan Cobb,North Carolina,Connecticut
Trinity,Jake Connors,Massachusetts,Connecticut
Trinity,Elliot Detjens,Massachusetts,Connecticut
Trinity,Conley Bohan ,New Hampshire,Connecticut
Trinity,Will Tryder,Massachusetts,Connecticut
Trinity,Kieran Shin,Connecticut,Connecticut
Trinity,Theodore Sachs,Connecticut,Connecticut
Trinity,Connor Maron,Florida,Connecticut
Trinity,JD Landstorm,Minnesota,Connecticut
Trinity,Logan Mueller,New York,Connecticut
Trinity,Jeb Slimbaugh,Massachusetts,Connecticut
Trinity,Ethan Opdenaker,New Jersey,Connecticut
Trinity,Brock Narciso,Kansas,Connecticut
Trinity,Nicholas Sofer,Massachusetts,Connecticut
Trinity,Dylan Feeks,Massachusetts,Connecticut
Trinity,Geno Rovero,Connecticut,Connecticut
Trinity,Owen Kiernan,Unknown,Connecticut
Trinity,Makin Blalock,Virgina,Connecticut
Trinity,John Nagle III,Massachusetts,Connecticut
Trinity,Benjamin Horowitz,California,Connecticut
Trinity,Nikolas Barnes,Rhode Island,Connecticut
Trinity,Anderson Chang,New Jersey,Connecticut
Trinity,Owen Johnston,Massachusetts,Connecticut
Trinity,Duncan Rider,Connecticut,Connecticut
Trinity,Davis Burleson,Connecticut,Connecticut
Trinity,Benjamin Walt,Unknown,Connecticut
Trinity,Dane Jorgensen ,California,Connecticut
Trinity,Josh Gibbs,Pennsylvania,Connecticut
Trinity,Ethan Lung,Massachusetts,Connecticut
Trinity,Herny Schoettle,Massachusetts,Connecticut
Trinity,James Jacob ,Texas,Connecticut
Trinity,Rory McAllon,New Jersey,Connecticut
Hamilton,Jack Fried,New York,New York
Hamilton,Jake Mair,Massachusetts,New York
Hamilton,Andrew Higgins,Massachusetts,New York
Hamilton,Milo Trabulsy,Vermont,New York
Hamilton,David Russell,Virgina,New York
Hamilton,Ben Keppler,Maryland,New York
Hamilton,Evan deBerjeois,New York,New York
Hamilton,Maddux Little ,Connecticut,New York
Hamilton,Jack Pineau,New York,New York
Hamilton,Will Heher,Connecticut,New York
Hamilton,Troy Pollock,Massachusetts,New York
Hamilton,Jesse Delinsky,Washington D.C.,New York
Hamilton,Charlie Rooney,New York,New York
Hamilton,Jack Calichman,Massachusetts,New York
Hamilton,John McKinnon,Massachusetts,New York
Hamilton,Wyatt Estepp,Ohio,New York
Hamilton,Collen Luzar,Kansas,New York
Hamilton,PJ Flood,New York,New York
Hamilton,Zach Lucchini,Massachusetts,New York
Hamilton,Ford Collins,New Jersey,New York
Hamilton,Carson Kraus,New York,New York
Hamilton,David Petz,New York,New York
Hamilton,Riley Chai Onn,Maryland,New York
Hamilton,Max Nodiff,New York,New York
Hamilton,Ryan Howard,New Jersey,New York
Hamilton,Ben Ryan,Massachusetts,New York
Hamilton,Wylie Ocken,Connecticut,New York
Hamilton,Sean Gebauer,New Jersey,New York
Hamilton,Justin Pearl,Connecticut,New York
Hamilton,Ben Greco,New York,New York
Hamilton,Griffen Bell,Washington ,New York
Hamilton,Reece Hickey,Pennsylvania,New York
Hamilton,Jake Goldstein,New York,New York
Hamilton,Jackson Raleigh,Pennsylvania,New York
Hamilton,Rex Flinn,Pennsylvania,New York
Hamilton,Jack Williams,Ontario,New York
Hamilton,Peter Canterino,New Jersey,New York
Hamilton,Dominic Mauretti,Massachusetts,New York
Hamilton,Ryan Olivo,New Jersey,New York
Hamilton,Kieran Hughes,New York,New York
Hamilton,Lance Dominick,Connecticut,New York
Hamilton,Frank Coyle,Ontario,New York
Hamilton,Thomas Healy,Pennsylvania,New York
Hamilton,James Wilde,Massachusetts,New York
Williams,Matt Wetmore,Virgina,Massachusetts
Williams,Jack Sartorius,New Jersey,Massachusetts
Williams,Nate Felesenthal,California,Massachusetts
Williams,Charlie Medd,New Jersey,Massachusetts
Williams,Ryan Johnson,New Jersey,Massachusetts
Williams,Harry Appelt,Connecticut,Massachusetts
Williams,Matthew Johnson,New Jersey,Massachusetts
Williams,Cooper Tilden,Texas,Massachusetts
Williams,Ian Kim,Pennsylvania,Massachusetts
Williams,Cade Schuckman ,New Jersey,Massachusetts
Williams,Gavin Timoney,New Jersey,Massachusetts
Williams,Tucker Graham ,Pennsylvania,Massachusetts
Williams,Brody Page,New Jersey,Massachusetts
Williams,Jared Stiiler ,Colorado,Massachusetts
Williams,Davis Miller ,Wisconsin,Massachusetts
Williams,Zach Falls,Massachusetts,Massachusetts
Williams,Harrison Cross,New York,Massachusetts
Williams,Finn Leamy,New Jersey,Massachusetts
Williams,Jon Marvan,Massachusetts,Massachusetts
Williams,Ethan Filler,New Jersey,Massachusetts
Williams,Ian Mccarron,Massachusetts,Massachusetts
Williams,Will Doran,New Jersey,Massachusetts
Williams,Lewis Schrock,Washington ,Massachusetts
Williams,Wyatt Cotton,Maryland,Massachusetts
Williams,Matthew Dunn,Florida,Massachusetts
Williams,Seamus Regan,Maryland,Massachusetts
Williams,Will Erickson,New Jersey,Massachusetts
Williams,Tommy Cottrell,New York,Massachusetts
Williams,Ryan Nagle,Massachusetts,Massachusetts
Williams,Tony Provenza,Iowa,Massachusetts
Williams,Eddie Loyd,Maryland,Massachusetts
Williams,Ralph Vogel,Massachusetts,Massachusetts
Williams,Drew Nicholson,New York,Massachusetts
Williams,Jesse Shapiro,Chicago,Massachusetts
Williams,Aidan Housenbold,California,Massachusetts
Williams,Brendan Cooleen ,Pennsylvania,Massachusetts
Williams,Nolan Cooleen,Pennsylvania,Massachusetts
Williams,AJ Zuleta ,New York,Massachusetts
